"Wijken en buurten";"Bevolking/Aantal inwoners (aantal)";"Bevolking/Geslacht/Mannen (aantal)";"Bevolking/Geslacht/Vrouwen (aantal)";"Bevolking/Leeftijdsgroepen/0 tot 15 jaar (aantal)";"Bevolking/Leeftijdsgroepen/15 tot 25 jaar (aantal)";"Bevolking/Leeftijdsgroepen/25 tot 45 jaar (aantal)";"Bevolking/Leeftijdsgroepen/45 tot 65 jaar (aantal)";"Bevolking/Leeftijdsgroepen/65 jaar of ouder (aantal)";"Bevolking/Burgerlijke staat/Ongehuwd (aantal)";"Bevolking/Burgerlijke staat/Gehuwd (aantal)";"Bevolking/Burgerlijke staat/Gescheiden (aantal)";"Bevolking/Burgerlijke staat/Verweduwd (aantal)";"Bevolking/Bevolking naar herkomst/Herkomstland/Nederland (aantal)";"Bevolking/Bevolking naar herkomst/Herkomstland/Europa (exclusief Nederland)  (aantal)";"Bevolking/Bevolking naar herkomst/Herkomstland/Buiten Europa  (aantal)";"Bevolking/Bevolking naar herkomst/Geboren in Nederland/Nederland (aantal)";"Bevolking/Bevolking naar herkomst/Geboren in Nederland/Europa (exclusief Nederland)  (aantal)";"Bevolking/Bevolking naar herkomst/Geboren in Nederland/Buiten Europa  (aantal)";"Bevolking/Bevolking naar herkomst/Geboren buiten Nederland/Europa (exclusief Nederland) (aantal)";"Bevolking/Bevolking naar herkomst/Geboren buiten Nederland/Buiten Europa (aantal)";"Bevolking/Geboorte en sterfte/Geboorte totaal (aantal)";"Bevolking/Geboorte en sterfte/Geboorte relatief (per 1 000 inwoners)";"Bevolking/Geboorte en sterfte/Sterfte totaal (aantal)";"Bevolking/Geboorte en sterfte/Sterfte relatief (per 1 000 inwoners)";"Bevolking/Particuliere huishoudens/Huishoudens totaal (aantal)";"Bevolking/Particuliere huishoudens/Eenpersoonshuishoudens (aantal)";"Bevolking/Particuliere huishoudens/Huishoudens zonder kinderen (aantal)";"Bevolking/Particuliere huishoudens/Huishoudens met kinderen (aantal)";"Bevolking/Particuliere huishoudens/Gemiddelde huishoudensgrootte (aantal)";"Bevolking/Bevolkingsdichtheid (aantal inwoners per km²)";"Onderwijs/Onderwijssoort/Leerlingen po (aantal)";"Onderwijs/Onderwijssoort/Leerlingen vo (incl. vavo)  (aantal)";"Onderwijs/Onderwijssoort/Studenten mbo (excl. extranei) (aantal)";"Onderwijs/Onderwijssoort/Studenten hbo (aantal)";"Onderwijs/Onderwijssoort/Studenten wo (aantal)";"Onderwijs/Hoogst behaald onderwijsniveau/Basisonderwijs, vmbo, mbo1 (aantal)";"Onderwijs/Hoogst behaald onderwijsniveau/Havo, vwo, mbo2-4 (aantal)";"Onderwijs/Hoogst behaald onderwijsniveau/Hbo, wo (aantal)";"Inkomen/Inkomen van personen/Aantal inkomensontvangers   (aantal)";"Inkomen/Inkomen van personen/Gemiddeld inkomen per inkomensontvanger  (x 1 000 euro)";"Inkomen/Inkomen van personen/Gemiddeld inkomen per inwoner  (x 1 000 euro)";"Inkomen/Inkomen van personen/40% personen met laagste inkomen (%)";"Inkomen/Inkomen van personen/20% personen met hoogste inkomen (%)";"Inkomen/Inkomen van huishoudens/Gem. gestandaardiseerd inkomen van huish (x 1 000 euro)";"Inkomen/Inkomen van huishoudens/40% huishoudens met laagste inkomen (%)";"Inkomen/Inkomen van huishoudens/20% huishoudens met hoogste inkomen (%)";"Inkomen/Inkomen van huishoudens/Huishoudens met een laag inkomen (%)";"Inkomen/Inkomen van huishoudens/Huish. onder of rond sociaal minimum (%)";"Inkomen/Inkomen van huishoudens/Huishoudens tot 110% van sociaal minimum (%)";"Inkomen/Inkomen van huishoudens/Huishoudens tot 120% van sociaal minimum (%)";"Inkomen/Inkomen van huishoudens/Mediaan vermogen van particuliere huish. (x 1 000 euro)";"Sociale zekerheid/Personen per soort uitkering; Bijstand (aantal)";"Sociale zekerheid/Personen per soort uitkering; AO (aantal)";"Sociale zekerheid/Personen per soort uitkering; WW (aantal)";"Sociale zekerheid/Personen per soort uitkering; AOW (aantal)"
"Aa en Hunze";25845;12867;12978;3490;2505;4712;7770;7368;10416;11851;1944;1634;23453;1062;1330;23453;456;551;606;779;160;6;319;12;11410;3333;4479;3598;2,2;94;1900;1300;700;470;150;;;;;;;;;;;;;;;;;350;1110;190;6620
"Aalsmeer";33279;16456;16823;5240;4303;7515;9858;6363;16403;13232;2124;1520;24391;3935;4953;24391;1158;2184;2777;2769;250;8;293;9;14405;4895;3909;5601;2,3;1656;2670;2250;830;770;390;;;;;;;;;;;;;;;;;360;980;260;5650
"Aalten";27308;13780;13528;4030;3127;5580;7925;6646;12298;11696;1634;1680;23789;1988;1531;23789;1120;612;868;919;247;9;297;11;11740;3639;4053;4048;2,3;283;2140;1450;970;630;110;;;;;;;;;;;;;;;;;360;1270;130;5930
"Achtkarspelen";28226;14380;13846;4596;3561;6225;7744;6100;13062;11720;1874;1570;26538;713;975;26538;312;351;401;624;249;9;251;9;12122;3892;3775;4455;2,3;276;2470;1580;1050;630;130;;;;;;;;;;;;;;;;;570;1340;220;5530
"Alblasserdam";20314;10015;10299;3746;2442;4767;5244;4115;8969;8923;1346;1076;16673;1270;2371;16673;526;1152;744;1219;230;11;180;9;8510;2771;2502;3237;2,4;2316;2020;1190;590;390;140;;;;;;;;;;;;;;;;;390;820;130;3720
"Albrandswaard";26428;13093;13335;4426;3156;5845;7970;5031;12251;11152;1892;1133;19681;1789;4958;19681;947;2747;842;2211;245;9;192;7;10644;2906;3182;4556;2,4;1220;2380;1700;730;640;270;;;;;;;;;;;;;;;;;340;880;210;4500
"Alkmaar";112304;55423;56881;16755;12170;29276;30519;23584;57203;39220;10720;5161;83517;8930;19857;83517;3797;9120;5133;10737;1124;10;1064;9;54312;22680;14697;16935;2;1018;8860;5700;2900;2320;910;;;;;;;;;;;;;;;;;2520;6290;970;21200
"Almelo";74317;37364;36953;11026;9187;18271;20465;15368;35457;28248;6508;4104;52636;6243;15438;52636;2572;7302;3671;8136;710;10;805;11;33795;12772;9483;11540;2,2;1106;6150;3800;2540;1780;380;;;;;;;;;;;;;;;;;2510;5120;770;13760
"Almere";226500;112303;114197;41129;27737;66486;60235;30913;120086;81096;19115;6203;114731;20124;91645;114731;7470;42691;12654;48954;2555;11;1272;6;96667;32155;23882;40630;2,3;1753;22190;13390;7180;5560;2200;;;;;;;;;;;;;;;;;5460;10110;2470;26910
"Alphen aan den Rijn";114966;57237;57729;18253;13199;28937;31175;23402;54448;46549;8679;5290;87351;8745;18870;87351;3295;9226;5450;9644;1188;10;953;8;50699;17177;15579;17943;2,2;913;9680;6380;3040;2510;1110;;;;;;;;;;;;;;;;;1770;4270;830;21080
"Alphen-Chaam";10455;5326;5129;1527;1044;2153;3106;2625;4534;4691;647;583;8743;1163;549;8743;642;225;521;324;85;8;102;10;4411;1197;1657;1557;2,3;112;830;530;220;220;70;;;;;;;;;;;;;;;;;80;300;80;2350
"Altena";58277;29367;28910;9755;7106;13489;15897;12030;25531;26568;3260;2918;51974;3216;3087;51974;939;1318;2277;1769;568;10;491;8;23927;7094;7763;9070;2,4;292;5220;3290;1720;1070;330;;;;;;;;;;;;;;;;;660;2000;350;10860
"Ameland";3839;1933;1906;550;407;947;994;941;1826;1560;234;219;3416;261;162;3416;64;73;197;89;25;7;38;10;1886;808;595;483;2;68;280;200;100;20;0;;;;;;;;;;;;;;;;;0;120;40;870
"Amersfoort";161852;80172;81680;27417;19642;44065;44258;26470;83104;59807;13047;5894;116004;10027;35821;116004;4653;17608;5374;18213;1770;11;1259;8;72682;27485;19688;25509;2,2;2590;14400;10160;4310;4150;1870;;;;;;;;;;;;;;;;;3470;7130;1610;23500
"Amstelveen";95014;45744;49270;16321;12039;24847;23412;18395;48487;35713;6584;4230;44701;13942;36371;44701;4232;11600;9710;24771;664;7;876;9;45423;19850;10467;15106;2,1;2311;8290;6160;1170;1890;3870;;;;;;;;;;;;;;;;;1230;2580;820;16430
"Amsterdam";931298;460766;470532;122836;124148;343274;214560;126480;609532;223449;74586;23731;375842;158889;396567;375842;37851;163953;121038;232614;9797;11;6021;6;515181;283997;114010;117174;1,8;4950;61470;41480;16350;23700;38440;;;;;;;;;;;;;;;;;35620;33750;11450;110560
"Apeldoorn";168211;84101;84110;25220;19423;39925;46382;37261;78707;66607;14270;8627;132555;10576;25080;132555;4684;11573;5892;13507;1475;9;1852;11;76419;28617;23122;24680;2,1;495;13830;9110;4770;3530;1050;;;;;;;;;;;;;;;;;3550;8830;1360;33500
"Arnhem";167632;83841;83791;24709;22012;50610;43183;27118;96983;49342;15132;6175;106245;15185;46202;106245;6112;20612;9073;25590;1540;9;1459;9;85255;41522;20104;23629;1,9;1715;13240;9150;4440;6820;1800;;;;;;;;;;;;;;;;;7170;9400;1770;24100
"Assen";69701;34576;35125;10352;8483;16435;19284;15147;33775;26008;6386;3532;56163;3694;9844;56163;1538;4486;2156;5358;605;9;779;11;32550;13174;9180;10196;2,1;851;5530;3900;2530;1780;450;;;;;;;;;;;;;;;;;2010;3780;670;13640
"Asten";17302;8795;8507;2488;1963;3984;4761;4106;7757;7534;1049;962;14959;1362;981;14959;415;379;947;602;167;10;149;9;7455;2383;2476;2596;2,3;246;1350;810;450;370;100;;;;;;;;;;;;;;;;;190;630;140;3750
"Baarle-Nassau";7076;3529;3547;939;664;1471;2045;1957;2999;3001;576;500;4990;1677;409;4990;816;139;861;270;52;7;79;11;3142;1050;1081;1011;2,2;93;440;290;150;120;30;;;;;;;;;;;;;;;;;60;290;50;1770
"Baarn";25065;12201;12864;3899;2407;5356;7046;6357;11754;9601;2216;1494;19673;1781;3611;19673;864;1798;917;1813;200;8;380;15;11281;4412;3278;3591;2,1;770;2120;1530;460;430;220;;;;;;;;;;;;;;;;;360;1390;210;5700
"Barendrecht";48690;23907;24783;8141;6345;10032;14690;9482;21986;21156;3397;2151;34292;3153;11245;34292;1645;6125;1508;5120;377;8;364;7;19748;5323;5888;8537;2,4;2487;4380;3230;1390;1340;620;;;;;;;;;;;;;;;;;700;1490;370;8560
"Barneveld";62592;31247;31345;13412;8253;15419;14548;10960;28809;28098;2954;2731;55474;2089;5029;55474;722;2215;1367;2814;895;14;519;8;23693;6724;7063;9906;2,6;356;7330;3960;2120;1160;330;;;;;;;;;;;;;;;;;690;1890;310;9820
"Beek (L.)";16215;7875;8340;2063;1538;3503;4636;4475;6472;7300;1320;1123;13112;1750;1353;13112;822;575;928;778;116;7;200;12;7621;2562;2723;2336;2,1;770;1140;680;320;320;100;;;;;;;;;;;;;;;;;300;860;160;4000
"Beekdaelen";35896;17915;17981;4750;3288;7498;10410;9950;14341;16181;2876;2498;29796;3899;2201;29796;2538;904;1361;1297;273;8;465;13;16366;5147;5973;5246;2,2;458;2550;1580;720;700;240;;;;;;;;;;;;;;;;;480;2070;330;8840
"Beesel";13394;6738;6656;1800;1410;2887;3837;3460;5488;6078;995;833;10836;1435;1123;10836;816;511;619;612;110;8;144;11;6014;1896;2108;2010;2,2;480;1030;590;350;250;70;;;;;;;;;;;;;;;;;210;620;140;3100
"Berg en Dal";35474;17569;17905;4629;3706;7287;10459;9393;15762;14716;2685;2311;29512;3298;2664;29512;1833;1173;1465;1491;297;8;476;13;16385;5935;5390;5060;2,1;411;2490;1800;830;720;340;;;;;;;;;;;;;;;;;770;1840;290;8420
"Bergeijk";19196;9831;9365;2631;2100;4321;5524;4620;8285;8638;1271;1002;16548;1712;936;16548;726;349;986;587;186;10;180;9;8301;2426;2980;2895;2,3;190;1410;880;570;340;90;;;;;;;;;;;;;;;;;130;620;150;4140
"Bergen (L.)";13154;6636;6518;1640;1334;2704;4030;3446;5453;5924;955;822;10871;1584;699;10871;895;270;689;429;96;7;138;10;5777;1679;2172;1926;2,2;127;900;530;390;200;50;;;;;;;;;;;;;;;;;160;590;130;3050
"Bergen (NH.)";29932;14352;15580;3349;3001;4447;8970;10165;12398;12525;2815;2194;24873;2571;2488;24873;1048;1150;1523;1338;144;5;435;15;14187;5442;4716;4029;2,1;302;1710;1430;540;490;250;;;;;;;;;;;;;;;;;320;1270;180;9330
"Bergen op Zoom";69694;34703;34991;10290;7575;16586;19352;15891;30523;28949;6372;3850;49248;6632;13814;49248;2545;6880;4087;6934;660;9;817;12;31775;11384;10229;10162;2,1;872;5580;3630;1820;1350;410;;;;;;;;;;;;;;;;;1930;3680;680;14310
"Berkelland";43933;22024;21909;5789;4978;8433;12990;11743;18693;19717;2597;2926;39684;2102;2147;39684;1112;835;990;1312;331;8;526;12;19220;5946;6907;6367;2,2;170;3050;2170;1470;940;170;;;;;;;;;;;;;;;;;600;2030;290;10570
"Bernheze";32527;16442;16085;4878;3956;7358;8982;7353;14970;13845;1922;1790;28701;2010;1816;28701;590;814;1420;1002;286;9;312;10;13591;4048;4478;5065;2,4;363;2650;1660;980;720;220;;;;;;;;;;;;;;;;;330;1270;210;6620
"Best";31223;15607;15616;4711;3621;7595;8887;6409;14098;13418;2277;1430;24301;2851;4071;24301;1034;1768;1817;2303;313;10;246;8;13778;4321;4457;5000;2,3;921;2520;1560;840;810;290;;;;;;;;;;;;;;;;;410;1090;270;5700
"Beuningen";26725;13337;13388;4082;2812;6140;7817;5874;11957;11552;1889;1327;22632;1686;2407;22632;904;1152;782;1255;260;10;251;9;11681;3510;3942;4229;2,3;613;2240;1330;620;590;210;;;;;;;;;;;;;;;;;440;1040;240;5190
"Beverwijk";42866;21631;21235;6683;4740;11679;11580;8184;21470;15470;3882;2044;29303;4716;8847;29303;1771;4256;2945;4591;458;11;425;10;19798;7807;5167;6824;2,1;2336;3650;2070;1280;840;340;;;;;;;;;;;;;;;;;1010;2300;340;7290
"De Bilt";43718;21110;22608;7507;4640;8898;11969;10704;20687;17065;3327;2639;33995;3089;6634;33995;1524;3312;1565;3322;349;8;528;12;19561;7305;5539;6717;2,2;661;4170;2970;680;790;700;;;;;;;;;;;;;;;;;680;1580;320;9670
"Bladel";20985;10685;10300;2986;2347;4870;5879;4903;9411;9037;1376;1161;18351;1570;1064;18351;638;423;932;641;166;8;188;9;9128;2857;3197;3074;2,3;279;1660;990;610;430;100;;;;;;;;;;;;;;;;;130;750;180;4460
"Blaricum";12724;6161;6563;2568;1147;2642;3274;3093;5730;5394;967;633;9417;1240;2067;9417;533;1129;707;938;105;8;129;10;5369;1667;1652;2050;2,3;1149;1520;770;180;190;110;;;;;;;;;;;;;;;;;130;320;120;2790
"Bloemendaal";23786;11464;12322;4079;2518;3520;7133;6536;10588;10098;1696;1404;18095;2455;3236;18095;1148;1610;1307;1626;124;5;368;15;10067;3293;3149;3625;2,3;598;2200;2070;270;350;380;;;;;;;;;;;;;;;;;230;660;240;5910
"Bodegraven-Reeuwijk";36569;18233;18336;6416;4194;8637;9602;7720;16711;15871;2254;1733;30325;2324;3920;30325;812;1932;1512;1988;443;12;283;8;15306;4586;4990;5730;2,4;485;3460;2120;900;790;360;;;;;;;;;;;;;;;;;390;1050;250;6990
"Boekel";11293;5783;5510;1753;1401;2726;3121;2292;5510;4619;613;551;10097;689;507;10097;211;203;478;304;134;12;95;8;4537;1286;1506;1745;2,4;327;940;560;410;210;40;;;;;;;;;;;;;;;;;80;530;70;2060
"Borger-Odoorn";26014;13061;12953;3585;2598;5061;7924;6846;10472;12054;1947;1541;23842;1020;1152;23842;508;476;512;676;187;7;309;12;11476;3357;4481;3638;2,2;95;1940;1250;760;410;90;;;;;;;;;;;;;;;;;420;1450;250;6110
"Borne";24639;12249;12390;4250;2567;5746;6450;5626;11016;10700;1581;1342;21255;1462;1922;21255;763;897;699;1025;223;9;247;10;10409;3013;3503;3893;2,3;948;2350;1400;700;620;110;;;;;;;;;;;;;;;;;320;1070;210;5030
"Borsele";23121;11743;11378;3784;2593;5132;6458;5154;9911;10492;1625;1093;20352;1507;1262;20352;578;567;929;695;211;9;216;9;9872;3011;3445;3416;2,3;163;2040;1240;660;430;60;;;;;;;;;;;;;;;;;220;890;120;4620
"Boxtel";33979;16941;17038;4752;4032;7782;9425;7988;15606;13806;2616;1951;27340;2637;4002;27340;823;1851;1814;2151;308;9;379;11;15283;5451;4807;5025;2,2;492;2540;1730;1080;750;240;;;;;;;;;;;;;;;;;460;1420;310;7260
"Breda";188078;92752;95326;27431;26009;50213;48055;36370;102313;62089;14845;8831;135730;18460;33888;135730;7180;16013;11280;17875;1696;9;1908;10;91991;40717;24675;26599;2;1496;14600;10400;4260;8760;2080;;;;;;;;;;;;;;;;;4610;6850;1910;32600
"Bronckhorst";36119;18036;18083;4477;4049;6125;11247;10221;15087;16375;2175;2482;33227;1361;1531;33227;682;645;679;886;241;7;460;13;15738;4606;6001;5131;2,3;127;2400;1760;1120;780;160;;;;;;;;;;;;;;;;;320;1510;200;9210
"Brummen";21286;10558;10728;2794;2135;4307;6302;5748;8624;9830;1487;1345;18260;981;2045;18260;535;987;446;1058;165;8;272;13;9443;2876;3545;3022;2,2;255;1570;950;580;370;100;;;;;;;;;;;;;;;;;300;1050;210;5180
"Brunssum";27770;13663;14107;3466;2635;6077;8105;7487;11428;11138;3091;2113;20715;4339;2716;20715;2845;1286;1494;1430;222;8;375;14;13775;5590;4222;3963;2;1611;1880;1200;740;440;100;;;;;;;;;;;;;;;;;750;2430;300;6670
"Bunnik";16108;7951;8157;2877;1730;3399;4468;3634;7698;6639;946;825;13356;1048;1704;13356;503;841;545;863;137;9;128;8;6946;2285;2144;2517;2,3;436;1620;1080;270;350;290;;;;;;;;;;;;;;;;;190;480;100;3280
"Bunschoten";22619;11290;11329;4235;2830;5931;5724;3899;9714;10836;1085;984;19519;1308;1792;19519;399;786;909;1006;242;11;182;8;8833;2398;2689;3746;2,5;744;2260;1390;680;480;150;;;;;;;;;;;;;;;;;230;800;100;3510
"Buren";27773;13953;13820;4227;3073;5957;8509;6007;11855;12608;1893;1417;24495;1705;1573;24495;558;764;1147;809;237;9;218;8;11750;3322;4080;4348;2,3;208;2230;1420;740;440;150;;;;;;;;;;;;;;;;;250;940;210;5350
"Capelle aan den IJssel";67925;32879;35046;10685;7737;16988;17604;14911;33687;24573;6225;3440;39700;6021;22204;39700;2442;10372;3579;11832;647;10;715;11;32117;12891;8531;10695;2,1;4803;5830;3640;1910;1500;930;;;;;;;;;;;;;;;;;1790;2430;630;13360
"Castricum";36366;17920;18446;5250;3974;7234;10321;9587;16418;15143;2660;2145;31446;1945;2975;31446;1089;1465;856;1510;308;8;439;12;16250;5537;5227;5486;2,2;733;2910;1920;820;850;400;;;;;;;;;;;;;;;;;400;1310;220;8720
"Coevorden";35725;17975;17750;4864;3921;7030;10487;9423;14880;15686;2780;2379;31646;1810;2269;31646;928;866;882;1403;270;8;450;13;15826;5141;5567;5118;2,2;121;2650;1770;1230;660;110;;;;;;;;;;;;;;;;;810;1900;290;8470
"Cranendonck";20841;10575;10266;2864;2131;4566;5904;5376;8951;9132;1517;1241;16863;2326;1652;16863;1148;548;1178;1104;170;8;246;12;9132;2828;3285;3019;2,2;272;1610;1090;480;380;100;;;;;;;;;;;;;;;;;290;870;190;4880
"Culemborg";29944;14826;15118;5014;3233;7128;8433;6136;14028;12150;2428;1338;22207;1983;5754;22207;895;3024;1088;2730;329;11;268;9;13179;4432;3931;4816;2,3;1023;2600;1750;700;640;330;;;;;;;;;;;;;;;;;550;1130;260;5530
"Dalfsen";29683;14992;14691;4824;3550;6300;8300;6709;13066;13573;1441;1603;27142;1157;1384;27142;379;536;778;848;277;9;275;9;12270;3506;4117;4647;2,4;180;2770;1630;950;690;150;;;;;;;;;;;;;;;;;260;960;180;6050
"Dantumadiel";19135;9629;9506;3137;2210;4092;5172;4524;8403;8467;1079;1186;17887;494;754;17887;204;303;290;451;153;8;229;12;8038;2480;2645;2913;2,3;226;1740;1050;630;460;70;;;;;;;;;;;;;;;;;460;870;140;4060
"Delft";109577;58108;51469;13120;22753;33179;22738;17787;67536;30211;7915;3915;63629;14927;31021;63629;4193;11074;10734;19947;891;8;844;8;63517;37598;13376;12543;1,7;4835;7170;4530;1890;2780;15150;;;;;;;;;;;;;;;;;2960;4050;730;15740
"Deurne";33180;16717;16463;4923;3730;7561;9144;7822;15113;13897;2181;1989;28957;2136;2087;28957;766;876;1370;1211;311;9;362;11;14424;4753;4834;4837;2,3;284;2770;1630;860;620;210;;;;;;;;;;;;;;;;;400;1560;270;7020
"Deventer";103405;51246;52159;15693;12448;26968;28386;19910;52517;37507;8590;4791;77841;7263;18301;77841;3055;8791;4208;9510;982;9;992;10;48508;19514;13485;15509;2,1;792;8370;5550;3230;3070;780;;;;;;;;;;;;;;;;;2770;5730;1030;17780
"Diemen";32977;16097;16880;4869;4934;10769;7199;5206;19527;10081;2214;1155;15010;5485;12482;15010;1386;5106;4099;7376;321;10;221;7;16760;7888;4079;4793;2;2760;2600;1540;510;890;1870;;;;;;;;;;;;;;;;;470;960;330;4630
"Dijk en Waard";90076;45090;44986;15093;10743;22177;24170;17893;43218;36457;6544;3857;70504;6197;13375;70504;2732;6615;3465;6760;839;9;751;8;37986;11748;11546;14692;2,3;1455;8230;5160;2770;1980;630;;;;;;;;;;;;;;;;;1240;4640;640;16250
"Dinkelland";26739;13697;13042;3864;3359;5577;7492;6447;11996;11952;1200;1591;24185;1634;920;24185;942;331;692;589;250;9;332;12;10734;2932;3583;4219;2,4;152;2030;1270;870;770;140;;;;;;;;;;;;;;;;;220;930;130;5780
"Doesburg";11079;5408;5671;1296;1104;2062;3417;3200;4387;4767;1197;728;8589;746;1744;8589;360;813;386;931;89;8;141;13;5425;2047;1821;1557;2;959;680;470;340;210;50;;;;;;;;;;;;;;;;;280;780;120;2890
"Doetinchem";59623;29675;29948;8734;7042;13761;16738;13348;28198;23400;4864;3161;49344;3760;6519;49344;2032;2898;1728;3621;520;9;607;10;26822;9683;8242;8897;2,2;754;4750;3110;1930;1350;310;;;;;;;;;;;;;;;;;1240;3860;490;12010
"Dongen";27095;13514;13581;4039;2855;6436;7605;6160;11789;11746;2048;1512;22573;1929;2593;22573;694;1304;1235;1289;235;9;301;11;11886;3766;3959;4161;2,2;927;2260;1270;740;560;150;;;;;;;;;;;;;;;;;370;1100;260;5570
"Dordrecht";122070;60544;61526;18611;13999;32377;32664;24419;59864;45451;10805;5950;80488;12111;29471;80488;4484;14256;7627;15215;1168;10;1228;10;57353;23399;15381;18573;2,1;1574;9890;6270;3380;2350;1070;;;;;;;;;;;;;;;;;3730;6220;1050;21760
"Drechterland";20496;10343;10153;3158;2395;4520;5762;4661;9393;8790;1306;1007;17596;1515;1385;17596;502;644;1013;741;188;9;174;8;8734;2669;2876;3189;2,3;348;1690;1100;570;420;140;;;;;;;;;;;;;;;;;180;890;150;4250
"Drimmelen";28192;14064;14128;3942;2970;6277;8220;6783;12285;12388;1927;1592;24620;1912;1660;24620;691;723;1221;937;231;8;311;11;12316;3708;4379;4229;2,2;297;2110;1390;670;520;150;;;;;;;;;;;;;;;;;250;1050;220;6080
"Dronten";44354;22362;21992;7001;5856;10861;12252;8384;20198;19000;3258;1898;34855;3717;5782;34855;1298;2478;2419;3304;396;9;367;8;19394;6543;6278;6573;2,2;133;3700;2560;1420;1700;180;;;;;;;;;;;;;;;;;590;1910;370;7450
"Druten";19590;9847;9743;2863;2218;4401;5888;4220;9069;8148;1424;949;16622;1212;1756;16622;558;844;654;912;173;9;175;9;8350;2541;2755;3054;2,3;522;1510;1020;540;410;120;;;;;;;;;;;;;;;;;300;1060;180;3780
"Duiven";24872;12292;12580;3494;2876;5177;7865;5460;10394;11141;2058;1279;20597;1591;2684;20597;895;1222;696;1462;202;8;229;9;10857;3191;3619;4047;2,3;734;1880;1310;740;610;200;;;;;;;;;;;;;;;;;430;1100;220;4880
"Echt-Susteren";32041;16055;15986;3967;2965;6817;9432;8860;13543;13619;2711;2168;25829;3861;2351;25829;2254;880;1607;1471;216;7;421;13;14604;4865;5190;4549;2,1;311;2120;1300;660;610;230;;;;;;;;;;;;;;;;;450;2110;380;7900
"Edam-Volendam";36917;18471;18446;5429;4641;8105;10436;8306;16736;16111;2201;1869;32576;1511;2830;32576;727;1260;784;1570;371;10;297;8;15520;4583;4900;6037;2,4;680;2910;1930;940;790;380;;;;;;;;;;;;;;;;;350;1400;200;7500
"Ede";123532;61310;62222;21785;16014;31368;30638;23727;57840;52307;7846;5539;100514;6460;16558;100514;2646;7938;3814;8620;1389;11;1033;8;52797;18850;15840;18107;2,3;388;11830;6960;3530;3140;1530;;;;;;;;;;;;;;;;;1870;5050;770;21430
"Eemnes";9755;4774;4981;1572;1120;1997;2905;2161;4441;4002;875;437;7997;573;1185;7997;252;562;321;623;73;7;63;6;4212;1310;1292;1610;2,3;314;870;570;250;180;100;;;;;;;;;;;;;;;;;120;350;70;1950
"Eemsdelta";45106;22681;22425;6182;4814;9388;12935;11787;19857;18472;3794;2983;37027;2552;5527;37027;1195;2304;1357;3223;374;8;577;13;21149;8062;6795;6292;2,1;168;3250;2170;1650;740;170;;;;;;;;;;;;;;;;;1320;2550;360;10520
"Eersel";20199;10201;9998;3070;2031;4558;5679;4861;8993;8836;1231;1139;17513;1432;1254;17513;559;483;873;771;171;8;198;10;8557;2603;2962;2992;2,3;245;1660;970;480;380;130;;;;;;;;;;;;;;;;;150;900;170;4390
"Eijsden-Margraten";26034;13018;13016;3821;2333;5492;7270;7118;10475;12259;1757;1543;21936;2680;1418;21936;1448;576;1232;842;245;9;262;10;11470;3341;4310;3819;2,2;336;2100;1220;400;510;230;;;;;;;;;;;;;;;;;260;1010;180;6440
"Eindhoven";246417;127981;118436;33549;34932;80276;57173;40487;140030;77213;19460;9714;136978;35309;74130;136978;10090;25918;25219;48212;2256;9;2201;9;128667;63935;31630;33102;1,9;2800;18240;11560;5130;8350;9900;;;;;;;;;;;;;;;;;6780;10370;2660;35830
"Elburg";23906;11981;11925;4222;2950;5507;6246;4981;10053;11289;1428;1136;21815;826;1265;21815;258;541;568;724;217;9;234;10;9661;2765;3146;3750;2,4;375;2270;1420;880;460;100;;;;;;;;;;;;;;;;;260;960;170;4450
"Emmen";109346;54653;54693;15202;12378;24041;30990;26735;48512;44391;9423;7020;92967;7499;8880;92967;3628;3661;3871;5219;943;9;1408;13;50288;18116;16130;16042;2,1;326;8030;5420;3930;2150;330;;;;;;;;;;;;;;;;;3010;7380;1160;23920
"Enkhuizen";18895;9474;9421;2822;2096;4525;5134;4318;8746;7352;1766;1031;15147;1843;1905;15147;611;858;1232;1047;168;9;174;9;8884;3532;2543;2809;2,1;1492;1520;990;500;330;80;;;;;;;;;;;;;;;;;310;1110;180;3900
"Enschede";161738;83012;78726;22327;26351;42568;40705;29787;87649;53387;12803;7899;107167;18426;36145;107167;7847;15267;10579;20878;1309;8;1648;10;81878;39277;20331;22270;1,9;1149;12220;8010;4530;6040;7690;;;;;;;;;;;;;;;;;6390;9970;1770;26440
"Epe";33168;16532;16636;4862;3407;6681;9366;8852;13328;15373;2341;2126;28720;1339;3109;28720;572;1492;767;1617;267;8;410;12;14460;4602;5079;4779;2,3;212;2670;1720;940;560;140;;;;;;;;;;;;;;;;;400;1420;250;8040
"Ermelo";27856;13817;14039;4179;3266;6043;7573;6795;12019;12253;2041;1543;23985;1391;2480;23985;535;1129;856;1351;226;8;319;11;11799;4076;3824;3899;2,2;325;2380;1470;720;590;180;;;;;;;;;;;;;;;;;370;1700;180;6150
"Etten-Leur";45237;22339;22898;7059;5058;10728;12412;9980;20322;18828;3761;2326;35198;3859;6180;35198;1624;3065;2235;3115;415;9;439;10;19986;6493;6399;7094;2,2;818;3800;2580;1280;910;320;;;;;;;;;;;;;;;;;860;1920;380;9000
"De Fryske Marren";51929;26189;25740;7799;5679;10651;14722;13078;22970;22299;3642;3018;46687;2325;2917;46687;1082;1106;1243;1811;421;8;591;11;22705;7406;7782;7517;2,2;148;4120;2850;1690;1020;180;;;;;;;;;;;;;;;;;750;1720;440;11760
"Horst aan de Maas";43917;22098;21819;5925;4895;10142;12587;10368;20165;18729;2596;2427;37187;4626;2104;37187;1455;763;3171;1341;381;9;426;10;19420;6309;6811;6300;2,2;233;3120;1990;1210;890;240;;;;;;;;;;;;;;;;;540;1540;440;9370
"Koggenland";23587;11864;11723;3634;2943;5163;6680;5167;11101;9902;1437;1147;20910;1197;1480;20910;453;656;744;824;231;10;259;11;9886;2989;3179;3718;2,4;294;1880;1230;730;550;160;;;;;;;;;;;;;;;;;210;920;140;4640
"Lansingerland";65594;32336;33258;13209;7892;15237;18421;10835;31653;27385;4044;2512;50655;3926;11013;50655;2009;5939;1917;5074;645;10;459;7;25526;6127;7342;12057;2,5;1231;7220;4850;1540;1740;780;;;;;;;;;;;;;;;;;720;1660;450;9750
"Leudal";36006;18265;17741;4480;3742;7457;10734;9593;15223;16028;2503;2252;30419;3536;2051;30419;1611;736;1925;1315;265;7;442;12;16110;5053;5988;5069;2,2;222;2380;1450;830;690;180;;;;;;;;;;;;;;;;;340;1650;310;8640
"Oost Gelre";29969;15056;14913;4305;3443;6394;8499;7328;13954;12515;1635;1865;27110;1431;1428;27110;847;579;584;849;271;9;338;11;12779;3933;4475;4371;2,3;273;2310;1430;990;720;150;;;;;;;;;;;;;;;;;320;1110;190;6610
"Oude IJsselstreek";39402;19907;19495;5166;4460;7950;11641;10185;16851;17188;2738;2625;33414;2631;3357;33414;1514;1531;1117;1826;272;7;491;12;17434;5677;6006;5751;2,2;290;2850;1860;1280;880;170;;;;;;;;;;;;;;;;;690;2010;280;9200
"Teylingen";38470;19198;19272;5982;4483;8876;11002;8127;17775;16137;2679;1879;31005;3232;4233;31005;1303;1963;1929;2270;346;9;371;10;16642;5383;5175;6084;2,3;1358;3250;2100;820;950;550;;;;;;;;;;;;;;;;;340;1170;270;7290
"Utrechtse Heuvelrug";50550;24723;25827;7988;5432;9704;14569;12857;22671;20943;3837;3099;41126;2961;6463;41126;1476;3114;1485;3349;405;8;672;13;22251;8103;6934;7214;2,2;383;4630;2980;930;850;530;;;;;;;;;;;;;;;;;680;2150;370;11660
